Workbook

Sheet Products
A1: Product ID | B1: Product | C1: Category | D1: Price
A2: 101 | B2: Product A | C2: Electronics | D2: 120
A3: 102 | B3: Product B | C3: Furniture | D3: 150
A4: 103 | B4: Product C | C4: Electronics | D4: 200
A5: 104 | B5: Product D | C5: Clothing | D5: 90
A6: 105 | B6: Product E | C6: Furniture | D6: 220
A7: 106 | B7: Product F | C7: Electronics | D7: 130
A9: 1. Use VLOOKUP to dynamically find the unit price for each ProductID in the Orders worksheet and calculate the total price.
A11: 2. Use nested VLOOKUP to find the category of each product in the Orders worksheet.

Sheet Orders
A1: OrderID | B1: ProductID | C1: Quantity | D1: UnitPrice | E1: TotalPrice
A2: 1 | B2: 101 | C2: 2 | D2: =VLOOKUP(B2,Products!$A$1:$D$7,4,0) -> 120 | E2: =C2*D2 -> 240
A3: 2 | B3: 103 | C3: 1 | D3: =VLOOKUP(B3,Products!$A$1:$D$7,4,0) -> 200 | E3: =C3*D3 -> 200
A4: 3 | B4: 105 | C4: 4 | D4: =VLOOKUP(B4,Products!$A$1:$D$7,4,0) -> 220 | E4: =C4*D4 -> 880
A5: 4 | B5: 106 | C5: 3 | D5: =VLOOKUP(B5,Products!$A$1:$D$7,4,0) -> 130 | E5: =C5*D5 -> 390
A6: 5 | B6: 102 | C6: 5 | D6: =VLOOKUP(B6,Products!$A$1:$D$7,4,0) -> 150 | E6: =C6*D6 -> 750
A7: 6 | B7: 104 | C7: 6 | D7: =VLOOKUP(B7,Products!$A$1:$D$7,4,0) -> 90 | E7: =C7*D7 -> 540
A10: OrderID | B10: ProductID | C10: Quantity | D10: Category
A11: 1 | B11: 101 | C11: 2 | D11: =VLOOKUP(VLOOKUP(B11,Products!$A$1:$B$7,2,0),Products!$B$1:$C$7,2,0) -> Electronics
A12: 2 | B12: 103 | C12: 1 | D12: =VLOOKUP(VLOOKUP(B12,Products!$A$1:$B$7,2,0),Products!$B$1:$C$7,2,0) -> Electronics
A13: 3 | B13: 105 | C13: 4 | D13: =VLOOKUP(VLOOKUP(B13,Products!$A$1:$B$7,2,0),Products!$B$1:$C$7,2,0) -> Furniture
A14: 4 | B14: 106 | C14: 3 | D14: =VLOOKUP(VLOOKUP(B14,Products!$A$1:$B$7,2,0),Products!$B$1:$C$7,2,0) -> Electronics
A15: 5 | B15: 102 | C15: 5 | D15: =VLOOKUP(VLOOKUP(B15,Products!$A$1:$B$7,2,0),Products!$B$1:$C$7,2,0) -> Furniture
A16: 6 | B16: 104 | C16: 6 | D16: =VLOOKUP(VLOOKUP(B16,Products!$A$1:$B$7,2,0),Products!$B$1:$C$7,2,0) -> Clothing

Sheet Sheet1
B1: Jan | C1: Feb | D1: Mar | E1: Apr | F1: May
A2: Product A | B2: 120 | C2: 130 | D2: 140 | E2: 150 | F2: 160
A3: Product B | B3: 150 | C3: 160 | D3: 170 | E3: 180 | F3: 190
A4: Product C | B4: 200 | C4: 210 | D4: 220 | E4: 230 | F4: 240
A5: Product D | B5: 90 | C5: 100 | D5: 110 | E5: 120 | F5: 130
A6: Product E | B6: 220 | C6: 230 | D6: 240 | E6: 250 | F6: 260
A7: Product F | B7: 130 | C7: 140 | D7: 150 | E7: 150 | F7: 170
A9: 1. Use HLOOKUP to dynamically find the sales for Product B in a specified month.
B10: Jan | C10: Feb | D10: Mar | E10: Apr | F10: May
A11: Product B | B11: =HLOOKUP(B10,A1:F7,3,0) -> 150 | C11: =HLOOKUP(C10,B1:G7,3,0) -> 160 | D11: =HLOOKUP(D10,C1:H7,3,0) -> 170 | E11: =HLOOKUP(E10,D1:I7,3,0) -> 180 | F11: =HLOOKUP(F10,E1:J7,3,0) -> 190
